{
    "predict_bleu-4": 4.884681944444444,
    "predict_model_preparation_time": 0.0161,
    "predict_rouge-1": 21.208061706349202,
    "predict_rouge-2": 4.381575595238094,
    "predict_rouge-l": 16.223747619047618,
    "predict_runtime": 1441.2805,
    "predict_samples_per_second": 0.346,
    "predict_steps_per_second": 0.044
}